"Study","Person","Rater","Criterion","Score"
"Study1","P001","R08","Global_Impression",4
"Study1","P001","R08","Linguistic_Realization",3
"Study1","P001","R08","Task_Fulfillment",3
"Study1","P001","R10","Global_Impression",4
"Study1","P001","R10","Linguistic_Realization",3
"Study1","P001","R10","Task_Fulfillment",2
"Study1","P002","R09","Global_Impression",3
"Study1","P002","R09","Linguistic_Realization",4
"Study1","P002","R09","Task_Fulfillment",4
"Study1","P002","R12","Global_Impression",4
"Study1","P002","R12","Linguistic_Realization",3
"Study1","P002","R12","Task_Fulfillment",4
"Study1","P003","R05","Global_Impression",4
"Study1","P003","R05","Linguistic_Realization",3
"Study1","P003","R05","Task_Fulfillment",3
"Study1","P003","R13","Global_Impression",4
"Study1","P003","R13","Linguistic_Realization",1
"Study1","P003","R13","Task_Fulfillment",1
"Study1","P004","R03","Global_Impression",2
"Study1","P004","R03","Linguistic_Realization",3
"Study1","P004","R03","Task_Fulfillment",1
"Study1","P004","R08","Global_Impression",3
"Study1","P004","R08","Linguistic_Realization",1
"Study1","P004","R08","Task_Fulfillment",2
"Study1","P005","R05","Global_Impression",3
"Study1","P005","R05","Linguistic_Realization",2
"Study1","P005","R05","Task_Fulfillment",1
"Study1","P005","R06","Global_Impression",2
"Study1","P005","R06","Linguistic_Realization",2
"Study1","P005","R06","Task_Fulfillment",1
"Study1","P006","R09","Global_Impression",4
"Study1","P006","R09","Linguistic_Realization",3
"Study1","P006","R09","Task_Fulfillment",3
"Study1","P006","R10","Global_Impression",4
"Study1","P006","R10","Linguistic_Realization",2
"Study1","P006","R10","Task_Fulfillment",4
"Study1","P007","R03","Global_Impression",4
"Study1","P007","R03","Linguistic_Realization",4
"Study1","P007","R03","Task_Fulfillment",4
"Study1","P007","R08","Global_Impression",4
"Study1","P007","R08","Linguistic_Realization",4
"Study1","P007","R08","Task_Fulfillment",4
"Study1","P008","R17","Global_Impression",3
"Study1","P008","R17","Linguistic_Realization",4
"Study1","P008","R17","Task_Fulfillment",4
"Study1","P008","R18","Global_Impression",4
"Study1","P008","R18","Linguistic_Realization",4
"Study1","P008","R18","Task_Fulfillment",3
"Study1","P009","R02","Global_Impression",3
"Study1","P009","R02","Linguistic_Realization",2
"Study1","P009","R02","Task_Fulfillment",2
"Study1","P009","R06","Global_Impression",4
"Study1","P009","R06","Linguistic_Realization",1
"Study1","P009","R06","Task_Fulfillment",1
"Study1","P010","R17","Global_Impression",3
"Study1","P010","R17","Linguistic_Realization",4
"Study1","P010","R17","Task_Fulfillment",4
"Study1","P010","R18","Global_Impression",4
"Study1","P010","R18","Linguistic_Realization",4
"Study1","P010","R18","Task_Fulfillment",4
"Study1","P011","R05","Global_Impression",4
"Study1","P011","R05","Linguistic_Realization",2
"Study1","P011","R05","Task_Fulfillment",2
"Study1","P011","R11","Global_Impression",3
"Study1","P011","R11","Linguistic_Realization",1
"Study1","P011","R11","Task_Fulfillment",3
"Study1","P012","R08","Global_Impression",4
"Study1","P012","R08","Linguistic_Realization",4
"Study1","P012","R08","Task_Fulfillment",3
"Study1","P012","R13","Global_Impression",1
"Study1","P012","R13","Linguistic_Realization",1
"Study1","P012","R13","Task_Fulfillment",3
"Study1","P013","R08","Global_Impression",4
"Study1","P013","R08","Linguistic_Realization",4
"Study1","P013","R08","Task_Fulfillment",4
"Study1","P013","R13","Global_Impression",2
"Study1","P013","R13","Linguistic_Realization",3
"Study1","P013","R13","Task_Fulfillment",2
"Study1","P014","R04","Global_Impression",4
"Study1","P014","R04","Linguistic_Realization",2
"Study1","P014","R04","Task_Fulfillment",4
"Study1","P014","R09","Global_Impression",4
"Study1","P014","R09","Linguistic_Realization",4
"Study1","P014","R09","Task_Fulfillment",4
"Study1","P015","R05","Global_Impression",4
"Study1","P015","R05","Linguistic_Realization",4
"Study1","P015","R05","Task_Fulfillment",4
"Study1","P015","R10","Global_Impression",3
"Study1","P015","R10","Linguistic_Realization",2
"Study1","P015","R10","Task_Fulfillment",2
"Study1","P016","R08","Global_Impression",4
"Study1","P016","R08","Linguistic_Realization",3
"Study1","P016","R08","Task_Fulfillment",4
"Study1","P016","R10","Global_Impression",3
"Study1","P016","R10","Linguistic_Realization",2
"Study1","P016","R10","Task_Fulfillment",2
"Study1","P017","R07","Global_Impression",3
"Study1","P017","R07","Linguistic_Realization",2
"Study1","P017","R07","Task_Fulfillment",2
"Study1","P017","R08","Global_Impression",3
"Study1","P017","R08","Linguistic_Realization",3
"Study1","P017","R08","Task_Fulfillment",2
"Study1","P018","R10","Global_Impression",4
"Study1","P018","R10","Linguistic_Realization",4
"Study1","P018","R10","Task_Fulfillment",4
"Study1","P018","R18","Global_Impression",4
"Study1","P018","R18","Linguistic_Realization",4
"Study1","P018","R18","Task_Fulfillment",4
"Study1","P019","R08","Global_Impression",4
"Study1","P019","R08","Linguistic_Realization",4
"Study1","P019","R08","Task_Fulfillment",4
"Study1","P019","R17","Global_Impression",4
"Study1","P019","R17","Linguistic_Realization",4
"Study1","P019","R17","Task_Fulfillment",2
"Study1","P020","R01","Global_Impression",3
"Study1","P020","R01","Linguistic_Realization",2
"Study1","P020","R01","Task_Fulfillment",2
"Study1","P020","R16","Global_Impression",3
"Study1","P020","R16","Linguistic_Realization",2
"Study1","P020","R16","Task_Fulfillment",2
"Study1","P021","R03","Global_Impression",4
"Study1","P021","R03","Linguistic_Realization",3
"Study1","P021","R03","Task_Fulfillment",2
"Study1","P021","R16","Global_Impression",1
"Study1","P021","R16","Linguistic_Realization",2
"Study1","P021","R16","Task_Fulfillment",1
"Study1","P022","R04","Global_Impression",4
"Study1","P022","R04","Linguistic_Realization",1
"Study1","P022","R04","Task_Fulfillment",4
"Study1","P022","R18","Global_Impression",3
"Study1","P022","R18","Linguistic_Realization",1
"Study1","P022","R18","Task_Fulfillment",3
"Study1","P023","R08","Global_Impression",4
"Study1","P023","R08","Linguistic_Realization",3
"Study1","P023","R08","Task_Fulfillment",4
"Study1","P023","R09","Global_Impression",4
"Study1","P023","R09","Linguistic_Realization",4
"Study1","P023","R09","Task_Fulfillment",3
"Study1","P024","R06","Global_Impression",2
"Study1","P024","R06","Linguistic_Realization",2
"Study1","P024","R06","Task_Fulfillment",2
"Study1","P024","R10","Global_Impression",4
"Study1","P024","R10","Linguistic_Realization",1
"Study1","P024","R10","Task_Fulfillment",1
"Study1","P025","R02","Global_Impression",4
"Study1","P025","R02","Linguistic_Realization",3
"Study1","P025","R02","Task_Fulfillment",3
"Study1","P025","R12","Global_Impression",3
"Study1","P025","R12","Linguistic_Realization",2
"Study1","P025","R12","Task_Fulfillment",3
"Study1","P026","R06","Global_Impression",2
"Study1","P026","R06","Linguistic_Realization",2
"Study1","P026","R06","Task_Fulfillment",1
"Study1","P026","R08","Global_Impression",4
"Study1","P026","R08","Linguistic_Realization",2
"Study1","P026","R08","Task_Fulfillment",2
"Study1","P027","R08","Global_Impression",3
"Study1","P027","R08","Linguistic_Realization",2
"Study1","P027","R08","Task_Fulfillment",1
"Study1","P027","R09","Global_Impression",4
"Study1","P027","R09","Linguistic_Realization",3
"Study1","P027","R09","Task_Fulfillment",2
"Study1","P028","R05","Global_Impression",4
"Study1","P028","R05","Linguistic_Realization",2
"Study1","P028","R05","Task_Fulfillment",4
"Study1","P028","R06","Global_Impression",3
"Study1","P028","R06","Linguistic_Realization",3
"Study1","P028","R06","Task_Fulfillment",2
"Study1","P029","R10","Global_Impression",4
"Study1","P029","R10","Linguistic_Realization",3
"Study1","P029","R10","Task_Fulfillment",1
"Study1","P029","R11","Global_Impression",2
"Study1","P029","R11","Linguistic_Realization",2
"Study1","P029","R11","Task_Fulfillment",3
"Study1","P030","R03","Global_Impression",3
"Study1","P030","R03","Linguistic_Realization",2
"Study1","P030","R03","Task_Fulfillment",1
"Study1","P030","R04","Global_Impression",3
"Study1","P030","R04","Linguistic_Realization",3
"Study1","P030","R04","Task_Fulfillment",3
"Study1","P031","R03","Global_Impression",3
"Study1","P031","R03","Linguistic_Realization",3
"Study1","P031","R03","Task_Fulfillment",4
"Study1","P031","R08","Global_Impression",4
"Study1","P031","R08","Linguistic_Realization",4
"Study1","P031","R08","Task_Fulfillment",4
"Study1","P032","R05","Global_Impression",3
"Study1","P032","R05","Linguistic_Realization",3
"Study1","P032","R05","Task_Fulfillment",2
"Study1","P032","R10","Global_Impression",2
"Study1","P032","R10","Linguistic_Realization",1
"Study1","P032","R10","Task_Fulfillment",1
"Study1","P033","R05","Global_Impression",4
"Study1","P033","R05","Linguistic_Realization",3
"Study1","P033","R05","Task_Fulfillment",3
"Study1","P033","R09","Global_Impression",4
"Study1","P033","R09","Linguistic_Realization",4
"Study1","P033","R09","Task_Fulfillment",2
"Study1","P034","R08","Global_Impression",4
"Study1","P034","R08","Linguistic_Realization",2
"Study1","P034","R08","Task_Fulfillment",4
"Study1","P034","R18","Global_Impression",4
"Study1","P034","R18","Linguistic_Realization",3
"Study1","P034","R18","Task_Fulfillment",1
"Study1","P035","R04","Global_Impression",3
"Study1","P035","R04","Linguistic_Realization",3
"Study1","P035","R04","Task_Fulfillment",3
"Study1","P035","R09","Global_Impression",4
"Study1","P035","R09","Linguistic_Realization",2
"Study1","P035","R09","Task_Fulfillment",3
"Study1","P036","R05","Global_Impression",3
"Study1","P036","R05","Linguistic_Realization",4
"Study1","P036","R05","Task_Fulfillment",4
"Study1","P036","R16","Global_Impression",4
"Study1","P036","R16","Linguistic_Realization",4
"Study1","P036","R16","Task_Fulfillment",2
"Study1","P037","R06","Global_Impression",2
"Study1","P037","R06","Linguistic_Realization",2
"Study1","P037","R06","Task_Fulfillment",1
"Study1","P037","R12","Global_Impression",3
"Study1","P037","R12","Linguistic_Realization",2
"Study1","P037","R12","Task_Fulfillment",4
"Study1","P038","R05","Global_Impression",3
"Study1","P038","R05","Linguistic_Realization",3
"Study1","P038","R05","Task_Fulfillment",3
"Study1","P038","R12","Global_Impression",2
"Study1","P038","R12","Linguistic_Realization",4
"Study1","P038","R12","Task_Fulfillment",4
"Study1","P039","R08","Global_Impression",3
"Study1","P039","R08","Linguistic_Realization",2
"Study1","P039","R08","Task_Fulfillment",2
"Study1","P039","R10","Global_Impression",3
"Study1","P039","R10","Linguistic_Realization",2
"Study1","P039","R10","Task_Fulfillment",1
"Study1","P040","R06","Global_Impression",3
"Study1","P040","R06","Linguistic_Realization",1
"Study1","P040","R06","Task_Fulfillment",3
"Study1","P040","R08","Global_Impression",4
"Study1","P040","R08","Linguistic_Realization",4
"Study1","P040","R08","Task_Fulfillment",4
"Study1","P041","R09","Global_Impression",4
"Study1","P041","R09","Linguistic_Realization",2
"Study1","P041","R09","Task_Fulfillment",1
"Study1","P041","R11","Global_Impression",4
"Study1","P041","R11","Linguistic_Realization",2
"Study1","P041","R11","Task_Fulfillment",2
"Study1","P042","R04","Global_Impression",4
"Study1","P042","R04","Linguistic_Realization",4
"Study1","P042","R04","Task_Fulfillment",3
"Study1","P042","R18","Global_Impression",3
"Study1","P042","R18","Linguistic_Realization",2
"Study1","P042","R18","Task_Fulfillment",4
"Study1","P043","R03","Global_Impression",3
"Study1","P043","R03","Linguistic_Realization",2
"Study1","P043","R03","Task_Fulfillment",3
"Study1","P043","R18","Global_Impression",4
"Study1","P043","R18","Linguistic_Realization",3
"Study1","P043","R18","Task_Fulfillment",3
"Study1","P044","R11","Global_Impression",2
"Study1","P044","R11","Linguistic_Realization",2
"Study1","P044","R11","Task_Fulfillment",3
"Study1","P044","R12","Global_Impression",4
"Study1","P044","R12","Linguistic_Realization",1
"Study1","P044","R12","Task_Fulfillment",1
"Study1","P045","R03","Global_Impression",3
"Study1","P045","R03","Linguistic_Realization",1
"Study1","P045","R03","Task_Fulfillment",1
"Study1","P045","R04","Global_Impression",3
"Study1","P045","R04","Linguistic_Realization",3
"Study1","P045","R04","Task_Fulfillment",1
"Study1","P046","R01","Global_Impression",4
"Study1","P046","R01","Linguistic_Realization",3
"Study1","P046","R01","Task_Fulfillment",2
"Study1","P046","R12","Global_Impression",4
"Study1","P046","R12","Linguistic_Realization",3
"Study1","P046","R12","Task_Fulfillment",3
"Study1","P047","R06","Global_Impression",3
"Study1","P047","R06","Linguistic_Realization",4
"Study1","P047","R06","Task_Fulfillment",3
"Study1","P047","R12","Global_Impression",4
"Study1","P047","R12","Linguistic_Realization",4
"Study1","P047","R12","Task_Fulfillment",3
"Study1","P048","R02","Global_Impression",1
"Study1","P048","R02","Linguistic_Realization",1
"Study1","P048","R02","Task_Fulfillment",3
"Study1","P048","R18","Global_Impression",1
"Study1","P048","R18","Linguistic_Realization",1
"Study1","P048","R18","Task_Fulfillment",2
"Study1","P049","R08","Global_Impression",4
"Study1","P049","R08","Linguistic_Realization",4
"Study1","P049","R08","Task_Fulfillment",4
"Study1","P049","R17","Global_Impression",4
"Study1","P049","R17","Linguistic_Realization",3
"Study1","P049","R17","Task_Fulfillment",4
"Study1","P050","R03","Global_Impression",4
"Study1","P050","R03","Linguistic_Realization",2
"Study1","P050","R03","Task_Fulfillment",2
"Study1","P050","R09","Global_Impression",3
"Study1","P050","R09","Linguistic_Realization",4
"Study1","P050","R09","Task_Fulfillment",4
"Study1","P051","R12","Global_Impression",3
"Study1","P051","R12","Linguistic_Realization",1
"Study1","P051","R12","Task_Fulfillment",2
"Study1","P051","R18","Global_Impression",4
"Study1","P051","R18","Linguistic_Realization",3
"Study1","P051","R18","Task_Fulfillment",1
"Study1","P052","R02","Global_Impression",2
"Study1","P052","R02","Linguistic_Realization",4
"Study1","P052","R02","Task_Fulfillment",4
"Study1","P052","R03","Global_Impression",4
"Study1","P052","R03","Linguistic_Realization",3
"Study1","P052","R03","Task_Fulfillment",2
"Study1","P053","R12","Global_Impression",3
"Study1","P053","R12","Linguistic_Realization",3
"Study1","P053","R12","Task_Fulfillment",2
"Study1","P053","R18","Global_Impression",3
"Study1","P053","R18","Linguistic_Realization",3
"Study1","P053","R18","Task_Fulfillment",4
"Study1","P054","R12","Global_Impression",2
"Study1","P054","R12","Linguistic_Realization",1
"Study1","P054","R12","Task_Fulfillment",2
"Study1","P054","R18","Global_Impression",3
"Study1","P054","R18","Linguistic_Realization",2
"Study1","P054","R18","Task_Fulfillment",3
"Study1","P055","R06","Global_Impression",1
"Study1","P055","R06","Linguistic_Realization",1
"Study1","P055","R06","Task_Fulfillment",1
"Study1","P055","R09","Global_Impression",2
"Study1","P055","R09","Linguistic_Realization",4
"Study1","P055","R09","Task_Fulfillment",3
"Study1","P056","R08","Global_Impression",3
"Study1","P056","R08","Linguistic_Realization",2
"Study1","P056","R08","Task_Fulfillment",2
"Study1","P056","R13","Global_Impression",1
"Study1","P056","R13","Linguistic_Realization",1
"Study1","P056","R13","Task_Fulfillment",1
"Study1","P057","R04","Global_Impression",4
"Study1","P057","R04","Linguistic_Realization",4
"Study1","P057","R04","Task_Fulfillment",4
"Study1","P057","R05","Global_Impression",4
"Study1","P057","R05","Linguistic_Realization",4
"Study1","P057","R05","Task_Fulfillment",4
"Study1","P058","R08","Global_Impression",3
"Study1","P058","R08","Linguistic_Realization",2
"Study1","P058","R08","Task_Fulfillment",2
"Study1","P058","R14","Global_Impression",4
"Study1","P058","R14","Linguistic_Realization",2
"Study1","P058","R14","Task_Fulfillment",2
"Study1","P059","R01","Global_Impression",2
"Study1","P059","R01","Linguistic_Realization",1
"Study1","P059","R01","Task_Fulfillment",2
"Study1","P059","R03","Global_Impression",2
"Study1","P059","R03","Linguistic_Realization",3
"Study1","P059","R03","Task_Fulfillment",3
"Study1","P060","R05","Global_Impression",4
"Study1","P060","R05","Linguistic_Realization",3
"Study1","P060","R05","Task_Fulfillment",2
"Study1","P060","R10","Global_Impression",3
"Study1","P060","R10","Linguistic_Realization",3
"Study1","P060","R10","Task_Fulfillment",1
"Study1","P061","R03","Global_Impression",4
"Study1","P061","R03","Linguistic_Realization",2
"Study1","P061","R03","Task_Fulfillment",3
"Study1","P061","R18","Global_Impression",2
"Study1","P061","R18","Linguistic_Realization",3
"Study1","P061","R18","Task_Fulfillment",2
"Study1","P062","R01","Global_Impression",3
"Study1","P062","R01","Linguistic_Realization",3
"Study1","P062","R01","Task_Fulfillment",3
"Study1","P062","R12","Global_Impression",3
"Study1","P062","R12","Linguistic_Realization",3
"Study1","P062","R12","Task_Fulfillment",3
"Study1","P063","R03","Global_Impression",3
"Study1","P063","R03","Linguistic_Realization",3
"Study1","P063","R03","Task_Fulfillment",3
"Study1","P063","R11","Global_Impression",2
"Study1","P063","R11","Linguistic_Realization",1
"Study1","P063","R11","Task_Fulfillment",1
"Study1","P064","R05","Global_Impression",4
"Study1","P064","R05","Linguistic_Realization",4
"Study1","P064","R05","Task_Fulfillment",2
"Study1","P064","R11","Global_Impression",3
"Study1","P064","R11","Linguistic_Realization",3
"Study1","P064","R11","Task_Fulfillment",2
"Study1","P065","R08","Global_Impression",4
"Study1","P065","R08","Linguistic_Realization",2
"Study1","P065","R08","Task_Fulfillment",2
"Study1","P065","R18","Global_Impression",2
"Study1","P065","R18","Linguistic_Realization",3
"Study1","P065","R18","Task_Fulfillment",3
"Study1","P066","R07","Global_Impression",3
"Study1","P066","R07","Linguistic_Realization",3
"Study1","P066","R07","Task_Fulfillment",2
"Study1","P066","R17","Global_Impression",4
"Study1","P066","R17","Linguistic_Realization",2
"Study1","P066","R17","Task_Fulfillment",3
"Study1","P067","R10","Global_Impression",3
"Study1","P067","R10","Linguistic_Realization",3
"Study1","P067","R10","Task_Fulfillment",3
"Study1","P067","R12","Global_Impression",3
"Study1","P067","R12","Linguistic_Realization",4
"Study1","P067","R12","Task_Fulfillment",3
"Study1","P068","R01","Global_Impression",4
"Study1","P068","R01","Linguistic_Realization",3
"Study1","P068","R01","Task_Fulfillment",3
"Study1","P068","R09","Global_Impression",4
"Study1","P068","R09","Linguistic_Realization",2
"Study1","P068","R09","Task_Fulfillment",3
"Study1","P069","R01","Global_Impression",2
"Study1","P069","R01","Linguistic_Realization",1
"Study1","P069","R01","Task_Fulfillment",2
"Study1","P069","R14","Global_Impression",2
"Study1","P069","R14","Linguistic_Realization",3
"Study1","P069","R14","Task_Fulfillment",4
"Study1","P070","R05","Global_Impression",2
"Study1","P070","R05","Linguistic_Realization",2
"Study1","P070","R05","Task_Fulfillment",2
"Study1","P070","R18","Global_Impression",4
"Study1","P070","R18","Linguistic_Realization",1
"Study1","P070","R18","Task_Fulfillment",3
"Study1","P071","R02","Global_Impression",4
"Study1","P071","R02","Linguistic_Realization",3
"Study1","P071","R02","Task_Fulfillment",3
"Study1","P071","R04","Global_Impression",3
"Study1","P071","R04","Linguistic_Realization",4
"Study1","P071","R04","Task_Fulfillment",2
"Study1","P072","R05","Global_Impression",3
"Study1","P072","R05","Linguistic_Realization",3
"Study1","P072","R05","Task_Fulfillment",2
"Study1","P072","R18","Global_Impression",4
"Study1","P072","R18","Linguistic_Realization",1
"Study1","P072","R18","Task_Fulfillment",2
"Study1","P073","R02","Global_Impression",4
"Study1","P073","R02","Linguistic_Realization",3
"Study1","P073","R02","Task_Fulfillment",3
"Study1","P073","R08","Global_Impression",3
"Study1","P073","R08","Linguistic_Realization",4
"Study1","P073","R08","Task_Fulfillment",4
"Study1","P074","R03","Global_Impression",4
"Study1","P074","R03","Linguistic_Realization",3
"Study1","P074","R03","Task_Fulfillment",2
"Study1","P074","R13","Global_Impression",2
"Study1","P074","R13","Linguistic_Realization",1
"Study1","P074","R13","Task_Fulfillment",2
"Study1","P075","R10","Global_Impression",2
"Study1","P075","R10","Linguistic_Realization",2
"Study1","P075","R10","Task_Fulfillment",1
"Study1","P075","R11","Global_Impression",2
"Study1","P075","R11","Linguistic_Realization",1
"Study1","P075","R11","Task_Fulfillment",2
"Study1","P076","R11","Global_Impression",3
"Study1","P076","R11","Linguistic_Realization",3
"Study1","P076","R11","Task_Fulfillment",3
"Study1","P076","R14","Global_Impression",4
"Study1","P076","R14","Linguistic_Realization",3
"Study1","P076","R14","Task_Fulfillment",3
"Study1","P077","R05","Global_Impression",3
"Study1","P077","R05","Linguistic_Realization",4
"Study1","P077","R05","Task_Fulfillment",3
"Study1","P077","R11","Global_Impression",3
"Study1","P077","R11","Linguistic_Realization",2
"Study1","P077","R11","Task_Fulfillment",4
"Study1","P078","R02","Global_Impression",4
"Study1","P078","R02","Linguistic_Realization",3
"Study1","P078","R02","Task_Fulfillment",2
"Study1","P078","R10","Global_Impression",4
"Study1","P078","R10","Linguistic_Realization",4
"Study1","P078","R10","Task_Fulfillment",4
"Study1","P079","R12","Global_Impression",4
"Study1","P079","R12","Linguistic_Realization",3
"Study1","P079","R12","Task_Fulfillment",2
"Study1","P079","R18","Global_Impression",4
"Study1","P079","R18","Linguistic_Realization",4
"Study1","P079","R18","Task_Fulfillment",3
"Study1","P080","R08","Global_Impression",4
"Study1","P080","R08","Linguistic_Realization",4
"Study1","P080","R08","Task_Fulfillment",2
"Study1","P080","R15","Global_Impression",3
"Study1","P080","R15","Linguistic_Realization",2
"Study1","P080","R15","Task_Fulfillment",3
"Study1","P081","R06","Global_Impression",4
"Study1","P081","R06","Linguistic_Realization",2
"Study1","P081","R06","Task_Fulfillment",2
"Study1","P081","R10","Global_Impression",4
"Study1","P081","R10","Linguistic_Realization",3
"Study1","P081","R10","Task_Fulfillment",4
"Study1","P082","R03","Global_Impression",4
"Study1","P082","R03","Linguistic_Realization",3
"Study1","P082","R03","Task_Fulfillment",3
"Study1","P082","R05","Global_Impression",4
"Study1","P082","R05","Linguistic_Realization",4
"Study1","P082","R05","Task_Fulfillment",3
"Study1","P083","R09","Global_Impression",2
"Study1","P083","R09","Linguistic_Realization",3
"Study1","P083","R09","Task_Fulfillment",4
"Study1","P083","R12","Global_Impression",3
"Study1","P083","R12","Linguistic_Realization",2
"Study1","P083","R12","Task_Fulfillment",3
"Study1","P084","R08","Global_Impression",4
"Study1","P084","R08","Linguistic_Realization",4
"Study1","P084","R08","Task_Fulfillment",4
"Study1","P084","R14","Global_Impression",4
"Study1","P084","R14","Linguistic_Realization",3
"Study1","P084","R14","Task_Fulfillment",4
"Study1","P085","R04","Global_Impression",3
"Study1","P085","R04","Linguistic_Realization",3
"Study1","P085","R04","Task_Fulfillment",2
"Study1","P085","R08","Global_Impression",3
"Study1","P085","R08","Linguistic_Realization",2
"Study1","P085","R08","Task_Fulfillment",2
"Study1","P086","R02","Global_Impression",4
"Study1","P086","R02","Linguistic_Realization",3
"Study1","P086","R02","Task_Fulfillment",3
"Study1","P086","R16","Global_Impression",3
"Study1","P086","R16","Linguistic_Realization",2
"Study1","P086","R16","Task_Fulfillment",2
"Study1","P087","R06","Global_Impression",2
"Study1","P087","R06","Linguistic_Realization",1
"Study1","P087","R06","Task_Fulfillment",2
"Study1","P087","R12","Global_Impression",2
"Study1","P087","R12","Linguistic_Realization",2
"Study1","P087","R12","Task_Fulfillment",3
"Study1","P088","R09","Global_Impression",2
"Study1","P088","R09","Linguistic_Realization",2
"Study1","P088","R09","Task_Fulfillment",3
"Study1","P088","R11","Global_Impression",2
"Study1","P088","R11","Linguistic_Realization",1
"Study1","P088","R11","Task_Fulfillment",2
"Study1","P089","R05","Global_Impression",1
"Study1","P089","R05","Linguistic_Realization",1
"Study1","P089","R05","Task_Fulfillment",2
"Study1","P089","R08","Global_Impression",3
"Study1","P089","R08","Linguistic_Realization",2
"Study1","P089","R08","Task_Fulfillment",2
"Study1","P090","R04","Global_Impression",3
"Study1","P090","R04","Linguistic_Realization",3
"Study1","P090","R04","Task_Fulfillment",2
"Study1","P090","R08","Global_Impression",4
"Study1","P090","R08","Linguistic_Realization",3
"Study1","P090","R08","Task_Fulfillment",3
"Study1","P091","R08","Global_Impression",3
"Study1","P091","R08","Linguistic_Realization",4
"Study1","P091","R08","Task_Fulfillment",2
"Study1","P091","R10","Global_Impression",3
"Study1","P091","R10","Linguistic_Realization",2
"Study1","P091","R10","Task_Fulfillment",1
"Study1","P092","R04","Global_Impression",3
"Study1","P092","R04","Linguistic_Realization",4
"Study1","P092","R04","Task_Fulfillment",4
"Study1","P092","R17","Global_Impression",3
"Study1","P092","R17","Linguistic_Realization",3
"Study1","P092","R17","Task_Fulfillment",3
"Study1","P093","R03","Global_Impression",3
"Study1","P093","R03","Linguistic_Realization",2
"Study1","P093","R03","Task_Fulfillment",4
"Study1","P093","R10","Global_Impression",4
"Study1","P093","R10","Linguistic_Realization",4
"Study1","P093","R10","Task_Fulfillment",2
"Study1","P094","R10","Global_Impression",3
"Study1","P094","R10","Linguistic_Realization",4
"Study1","P094","R10","Task_Fulfillment",3
"Study1","P094","R14","Global_Impression",3
"Study1","P094","R14","Linguistic_Realization",3
"Study1","P094","R14","Task_Fulfillment",3
"Study1","P095","R06","Global_Impression",3
"Study1","P095","R06","Linguistic_Realization",4
"Study1","P095","R06","Task_Fulfillment",1
"Study1","P095","R11","Global_Impression",3
"Study1","P095","R11","Linguistic_Realization",3
"Study1","P095","R11","Task_Fulfillment",3
"Study1","P096","R13","Global_Impression",4
"Study1","P096","R13","Linguistic_Realization",3
"Study1","P096","R13","Task_Fulfillment",2
"Study1","P096","R16","Global_Impression",4
"Study1","P096","R16","Linguistic_Realization",3
"Study1","P096","R16","Task_Fulfillment",2
"Study1","P097","R06","Global_Impression",3
"Study1","P097","R06","Linguistic_Realization",2
"Study1","P097","R06","Task_Fulfillment",3
"Study1","P097","R16","Global_Impression",4
"Study1","P097","R16","Linguistic_Realization",4
"Study1","P097","R16","Task_Fulfillment",4
"Study1","P098","R01","Global_Impression",4
"Study1","P098","R01","Linguistic_Realization",3
"Study1","P098","R01","Task_Fulfillment",4
"Study1","P098","R05","Global_Impression",2
"Study1","P098","R05","Linguistic_Realization",2
"Study1","P098","R05","Task_Fulfillment",4
"Study1","P099","R11","Global_Impression",4
"Study1","P099","R11","Linguistic_Realization",3
"Study1","P099","R11","Task_Fulfillment",2
"Study1","P099","R16","Global_Impression",4
"Study1","P099","R16","Linguistic_Realization",1
"Study1","P099","R16","Task_Fulfillment",3
"Study1","P100","R01","Global_Impression",1
"Study1","P100","R01","Linguistic_Realization",1
"Study1","P100","R01","Task_Fulfillment",2
"Study1","P100","R16","Global_Impression",4
"Study1","P100","R16","Linguistic_Realization",2
"Study1","P100","R16","Task_Fulfillment",2
"Study1","P101","R11","Global_Impression",3
"Study1","P101","R11","Linguistic_Realization",4
"Study1","P101","R11","Task_Fulfillment",4
"Study1","P101","R17","Global_Impression",4
"Study1","P101","R17","Linguistic_Realization",2
"Study1","P101","R17","Task_Fulfillment",2
"Study1","P102","R04","Global_Impression",3
"Study1","P102","R04","Linguistic_Realization",2
"Study1","P102","R04","Task_Fulfillment",2
"Study1","P102","R11","Global_Impression",2
"Study1","P102","R11","Linguistic_Realization",2
"Study1","P102","R11","Task_Fulfillment",1
"Study1","P103","R11","Global_Impression",4
"Study1","P103","R11","Linguistic_Realization",2
"Study1","P103","R11","Task_Fulfillment",2
"Study1","P103","R12","Global_Impression",3
"Study1","P103","R12","Linguistic_Realization",3
"Study1","P103","R12","Task_Fulfillment",3
"Study1","P104","R08","Global_Impression",4
"Study1","P104","R08","Linguistic_Realization",1
"Study1","P104","R08","Task_Fulfillment",1
"Study1","P104","R17","Global_Impression",4
"Study1","P104","R17","Linguistic_Realization",2
"Study1","P104","R17","Task_Fulfillment",1
"Study1","P105","R07","Global_Impression",4
"Study1","P105","R07","Linguistic_Realization",3
"Study1","P105","R07","Task_Fulfillment",3
"Study1","P105","R09","Global_Impression",4
"Study1","P105","R09","Linguistic_Realization",4
"Study1","P105","R09","Task_Fulfillment",4
"Study1","P106","R04","Global_Impression",4
"Study1","P106","R04","Linguistic_Realization",3
"Study1","P106","R04","Task_Fulfillment",2
"Study1","P106","R05","Global_Impression",4
"Study1","P106","R05","Linguistic_Realization",2
"Study1","P106","R05","Task_Fulfillment",2
"Study1","P107","R05","Global_Impression",3
"Study1","P107","R05","Linguistic_Realization",3
"Study1","P107","R05","Task_Fulfillment",1
"Study1","P107","R11","Global_Impression",2
"Study1","P107","R11","Linguistic_Realization",3
"Study1","P107","R11","Task_Fulfillment",2
"Study1","P108","R14","Global_Impression",4
"Study1","P108","R14","Linguistic_Realization",3
"Study1","P108","R14","Task_Fulfillment",4
"Study1","P108","R18","Global_Impression",4
"Study1","P108","R18","Linguistic_Realization",4
"Study1","P108","R18","Task_Fulfillment",4
"Study1","P109","R04","Global_Impression",4
"Study1","P109","R04","Linguistic_Realization",4
"Study1","P109","R04","Task_Fulfillment",3
"Study1","P109","R08","Global_Impression",3
"Study1","P109","R08","Linguistic_Realization",2
"Study1","P109","R08","Task_Fulfillment",4
"Study1","P110","R01","Global_Impression",3
"Study1","P110","R01","Linguistic_Realization",4
"Study1","P110","R01","Task_Fulfillment",3
"Study1","P110","R13","Global_Impression",2
"Study1","P110","R13","Linguistic_Realization",1
"Study1","P110","R13","Task_Fulfillment",1
"Study1","P111","R07","Global_Impression",4
"Study1","P111","R07","Linguistic_Realization",2
"Study1","P111","R07","Task_Fulfillment",4
"Study1","P111","R09","Global_Impression",3
"Study1","P111","R09","Linguistic_Realization",3
"Study1","P111","R09","Task_Fulfillment",2
"Study1","P112","R02","Global_Impression",2
"Study1","P112","R02","Linguistic_Realization",2
"Study1","P112","R02","Task_Fulfillment",1
"Study1","P112","R06","Global_Impression",2
"Study1","P112","R06","Linguistic_Realization",1
"Study1","P112","R06","Task_Fulfillment",1
"Study1","P113","R08","Global_Impression",3
"Study1","P113","R08","Linguistic_Realization",2
"Study1","P113","R08","Task_Fulfillment",2
"Study1","P113","R17","Global_Impression",2
"Study1","P113","R17","Linguistic_Realization",1
"Study1","P113","R17","Task_Fulfillment",1
"Study1","P114","R09","Global_Impression",4
"Study1","P114","R09","Linguistic_Realization",4
"Study1","P114","R09","Task_Fulfillment",3
"Study1","P114","R14","Global_Impression",4
"Study1","P114","R14","Linguistic_Realization",3
"Study1","P114","R14","Task_Fulfillment",3
"Study1","P115","R05","Global_Impression",3
"Study1","P115","R05","Linguistic_Realization",2
"Study1","P115","R05","Task_Fulfillment",3
"Study1","P115","R10","Global_Impression",2
"Study1","P115","R10","Linguistic_Realization",1
"Study1","P115","R10","Task_Fulfillment",2
"Study1","P116","R07","Global_Impression",4
"Study1","P116","R07","Linguistic_Realization",4
"Study1","P116","R07","Task_Fulfillment",4
"Study1","P116","R12","Global_Impression",4
"Study1","P116","R12","Linguistic_Realization",3
"Study1","P116","R12","Task_Fulfillment",4
"Study1","P117","R13","Global_Impression",2
"Study1","P117","R13","Linguistic_Realization",4
"Study1","P117","R13","Task_Fulfillment",1
"Study1","P117","R17","Global_Impression",4
"Study1","P117","R17","Linguistic_Realization",3
"Study1","P117","R17","Task_Fulfillment",4
"Study1","P118","R05","Global_Impression",4
"Study1","P118","R05","Linguistic_Realization",4
"Study1","P118","R05","Task_Fulfillment",4
"Study1","P118","R11","Global_Impression",4
"Study1","P118","R11","Linguistic_Realization",3
"Study1","P118","R11","Task_Fulfillment",3
"Study1","P119","R08","Global_Impression",3
"Study1","P119","R08","Linguistic_Realization",2
"Study1","P119","R08","Task_Fulfillment",3
"Study1","P119","R11","Global_Impression",4
"Study1","P119","R11","Linguistic_Realization",2
"Study1","P119","R11","Task_Fulfillment",2
"Study1","P120","R10","Global_Impression",4
"Study1","P120","R10","Linguistic_Realization",4
"Study1","P120","R10","Task_Fulfillment",3
"Study1","P120","R11","Global_Impression",4
"Study1","P120","R11","Linguistic_Realization",2
"Study1","P120","R11","Task_Fulfillment",3
"Study1","P121","R06","Global_Impression",3
"Study1","P121","R06","Linguistic_Realization",2
"Study1","P121","R06","Task_Fulfillment",2
"Study1","P121","R10","Global_Impression",4
"Study1","P121","R10","Linguistic_Realization",2
"Study1","P121","R10","Task_Fulfillment",1
"Study1","P122","R09","Global_Impression",4
"Study1","P122","R09","Linguistic_Realization",3
"Study1","P122","R09","Task_Fulfillment",4
"Study1","P122","R18","Global_Impression",4
"Study1","P122","R18","Linguistic_Realization",1
"Study1","P122","R18","Task_Fulfillment",3
"Study1","P123","R08","Global_Impression",2
"Study1","P123","R08","Linguistic_Realization",3
"Study1","P123","R08","Task_Fulfillment",2
"Study1","P123","R18","Global_Impression",3
"Study1","P123","R18","Linguistic_Realization",2
"Study1","P123","R18","Task_Fulfillment",1
"Study1","P124","R01","Global_Impression",2
"Study1","P124","R01","Linguistic_Realization",3
"Study1","P124","R01","Task_Fulfillment",1
"Study1","P124","R18","Global_Impression",3
"Study1","P124","R18","Linguistic_Realization",1
"Study1","P124","R18","Task_Fulfillment",1
"Study1","P125","R08","Global_Impression",4
"Study1","P125","R08","Linguistic_Realization",4
"Study1","P125","R08","Task_Fulfillment",4
"Study1","P125","R11","Global_Impression",4
"Study1","P125","R11","Linguistic_Realization",3
"Study1","P125","R11","Task_Fulfillment",2
"Study1","P126","R01","Global_Impression",3
"Study1","P126","R01","Linguistic_Realization",4
"Study1","P126","R01","Task_Fulfillment",2
"Study1","P126","R02","Global_Impression",4
"Study1","P126","R02","Linguistic_Realization",4
"Study1","P126","R02","Task_Fulfillment",3
"Study1","P127","R08","Global_Impression",4
"Study1","P127","R08","Linguistic_Realization",4
"Study1","P127","R08","Task_Fulfillment",4
"Study1","P127","R18","Global_Impression",4
"Study1","P127","R18","Linguistic_Realization",3
"Study1","P127","R18","Task_Fulfillment",4
"Study1","P128","R14","Global_Impression",4
"Study1","P128","R14","Linguistic_Realization",4
"Study1","P128","R14","Task_Fulfillment",4
"Study1","P128","R16","Global_Impression",3
"Study1","P128","R16","Linguistic_Realization",3
"Study1","P128","R16","Task_Fulfillment",4
"Study1","P129","R03","Global_Impression",4
"Study1","P129","R03","Linguistic_Realization",2
"Study1","P129","R03","Task_Fulfillment",3
"Study1","P129","R17","Global_Impression",2
"Study1","P129","R17","Linguistic_Realization",2
"Study1","P129","R17","Task_Fulfillment",2
"Study1","P130","R05","Global_Impression",4
"Study1","P130","R05","Linguistic_Realization",3
"Study1","P130","R05","Task_Fulfillment",1
"Study1","P130","R18","Global_Impression",4
"Study1","P130","R18","Linguistic_Realization",3
"Study1","P130","R18","Task_Fulfillment",3
"Study1","P131","R08","Global_Impression",4
"Study1","P131","R08","Linguistic_Realization",2
"Study1","P131","R08","Task_Fulfillment",4
"Study1","P131","R12","Global_Impression",3
"Study1","P131","R12","Linguistic_Realization",3
"Study1","P131","R12","Task_Fulfillment",4
"Study1","P132","R04","Global_Impression",3
"Study1","P132","R04","Linguistic_Realization",2
"Study1","P132","R04","Task_Fulfillment",2
"Study1","P132","R11","Global_Impression",3
"Study1","P132","R11","Linguistic_Realization",1
"Study1","P132","R11","Task_Fulfillment",2
"Study1","P133","R05","Global_Impression",4
"Study1","P133","R05","Linguistic_Realization",2
"Study1","P133","R05","Task_Fulfillment",2
"Study1","P133","R08","Global_Impression",4
"Study1","P133","R08","Linguistic_Realization",2
"Study1","P133","R08","Task_Fulfillment",3
"Study1","P134","R02","Global_Impression",3
"Study1","P134","R02","Linguistic_Realization",4
"Study1","P134","R02","Task_Fulfillment",3
"Study1","P134","R04","Global_Impression",4
"Study1","P134","R04","Linguistic_Realization",4
"Study1","P134","R04","Task_Fulfillment",4
"Study1","P135","R06","Global_Impression",4
"Study1","P135","R06","Linguistic_Realization",3
"Study1","P135","R06","Task_Fulfillment",4
"Study1","P135","R10","Global_Impression",4
"Study1","P135","R10","Linguistic_Realization",4
"Study1","P135","R10","Task_Fulfillment",4
"Study1","P136","R05","Global_Impression",2
"Study1","P136","R05","Linguistic_Realization",1
"Study1","P136","R05","Task_Fulfillment",2
"Study1","P136","R06","Global_Impression",1
"Study1","P136","R06","Linguistic_Realization",1
"Study1","P136","R06","Task_Fulfillment",1
"Study1","P137","R09","Global_Impression",4
"Study1","P137","R09","Linguistic_Realization",4
"Study1","P137","R09","Task_Fulfillment",3
"Study1","P137","R18","Global_Impression",4
"Study1","P137","R18","Linguistic_Realization",3
"Study1","P137","R18","Task_Fulfillment",2
"Study1","P138","R06","Global_Impression",4
"Study1","P138","R06","Linguistic_Realization",1
"Study1","P138","R06","Task_Fulfillment",2
"Study1","P138","R10","Global_Impression",3
"Study1","P138","R10","Linguistic_Realization",4
"Study1","P138","R10","Task_Fulfillment",1
"Study1","P139","R12","Global_Impression",3
"Study1","P139","R12","Linguistic_Realization",3
"Study1","P139","R12","Task_Fulfillment",4
"Study1","P139","R18","Global_Impression",4
"Study1","P139","R18","Linguistic_Realization",3
"Study1","P139","R18","Task_Fulfillment",3
"Study1","P140","R01","Global_Impression",4
"Study1","P140","R01","Linguistic_Realization",2
"Study1","P140","R01","Task_Fulfillment",3
"Study1","P140","R05","Global_Impression",4
"Study1","P140","R05","Linguistic_Realization",4
"Study1","P140","R05","Task_Fulfillment",3
"Study1","P141","R04","Global_Impression",4
"Study1","P141","R04","Linguistic_Realization",3
"Study1","P141","R04","Task_Fulfillment",2
"Study1","P141","R06","Global_Impression",1
"Study1","P141","R06","Linguistic_Realization",2
"Study1","P141","R06","Task_Fulfillment",4
"Study1","P142","R08","Global_Impression",3
"Study1","P142","R08","Linguistic_Realization",3
"Study1","P142","R08","Task_Fulfillment",4
"Study1","P142","R10","Global_Impression",1
"Study1","P142","R10","Linguistic_Realization",1
"Study1","P142","R10","Task_Fulfillment",3
"Study1","P143","R05","Global_Impression",4
"Study1","P143","R05","Linguistic_Realization",3
"Study1","P143","R05","Task_Fulfillment",4
"Study1","P143","R18","Global_Impression",2
"Study1","P143","R18","Linguistic_Realization",2
"Study1","P143","R18","Task_Fulfillment",4
"Study1","P144","R05","Global_Impression",4
"Study1","P144","R05","Linguistic_Realization",3
"Study1","P144","R05","Task_Fulfillment",4
"Study1","P144","R17","Global_Impression",4
"Study1","P144","R17","Linguistic_Realization",4
"Study1","P144","R17","Task_Fulfillment",4
"Study1","P145","R08","Global_Impression",4
"Study1","P145","R08","Linguistic_Realization",2
"Study1","P145","R08","Task_Fulfillment",1
"Study1","P145","R11","Global_Impression",3
"Study1","P145","R11","Linguistic_Realization",1
"Study1","P145","R11","Task_Fulfillment",2
"Study1","P146","R05","Global_Impression",4
"Study1","P146","R05","Linguistic_Realization",4
"Study1","P146","R05","Task_Fulfillment",4
"Study1","P146","R10","Global_Impression",3
"Study1","P146","R10","Linguistic_Realization",3
"Study1","P146","R10","Task_Fulfillment",3
"Study1","P147","R01","Global_Impression",3
"Study1","P147","R01","Linguistic_Realization",2
"Study1","P147","R01","Task_Fulfillment",2
"Study1","P147","R13","Global_Impression",1
"Study1","P147","R13","Linguistic_Realization",2
"Study1","P147","R13","Task_Fulfillment",3
"Study1","P148","R03","Global_Impression",3
"Study1","P148","R03","Linguistic_Realization",3
"Study1","P148","R03","Task_Fulfillment",2
"Study1","P148","R07","Global_Impression",3
"Study1","P148","R07","Linguistic_Realization",2
"Study1","P148","R07","Task_Fulfillment",3
"Study1","P149","R05","Global_Impression",4
"Study1","P149","R05","Linguistic_Realization",3
"Study1","P149","R05","Task_Fulfillment",4
"Study1","P149","R08","Global_Impression",4
"Study1","P149","R08","Linguistic_Realization",4
"Study1","P149","R08","Task_Fulfillment",4
"Study1","P150","R01","Global_Impression",1
"Study1","P150","R01","Linguistic_Realization",3
"Study1","P150","R01","Task_Fulfillment",1
"Study1","P150","R18","Global_Impression",3
"Study1","P150","R18","Linguistic_Realization",3
"Study1","P150","R18","Task_Fulfillment",2
"Study1","P151","R10","Global_Impression",4
"Study1","P151","R10","Linguistic_Realization",2
"Study1","P151","R10","Task_Fulfillment",2
"Study1","P151","R11","Global_Impression",2
"Study1","P151","R11","Linguistic_Realization",1
"Study1","P151","R11","Task_Fulfillment",2
"Study1","P152","R01","Global_Impression",2
"Study1","P152","R01","Linguistic_Realization",3
"Study1","P152","R01","Task_Fulfillment",1
"Study1","P152","R17","Global_Impression",4
"Study1","P152","R17","Linguistic_Realization",2
"Study1","P152","R17","Task_Fulfillment",1
"Study1","P153","R02","Global_Impression",4
"Study1","P153","R02","Linguistic_Realization",2
"Study1","P153","R02","Task_Fulfillment",3
"Study1","P153","R03","Global_Impression",4
"Study1","P153","R03","Linguistic_Realization",4
"Study1","P153","R03","Task_Fulfillment",3
"Study1","P154","R01","Global_Impression",4
"Study1","P154","R01","Linguistic_Realization",2
"Study1","P154","R01","Task_Fulfillment",4
"Study1","P154","R03","Global_Impression",4
"Study1","P154","R03","Linguistic_Realization",4
"Study1","P154","R03","Task_Fulfillment",3
"Study1","P155","R05","Global_Impression",4
"Study1","P155","R05","Linguistic_Realization",4
"Study1","P155","R05","Task_Fulfillment",3
"Study1","P155","R06","Global_Impression",4
"Study1","P155","R06","Linguistic_Realization",3
"Study1","P155","R06","Task_Fulfillment",2
"Study1","P156","R08","Global_Impression",4
"Study1","P156","R08","Linguistic_Realization",4
"Study1","P156","R08","Task_Fulfillment",4
"Study1","P156","R18","Global_Impression",4
"Study1","P156","R18","Linguistic_Realization",4
"Study1","P156","R18","Task_Fulfillment",3
"Study1","P157","R08","Global_Impression",4
"Study1","P157","R08","Linguistic_Realization",4
"Study1","P157","R08","Task_Fulfillment",4
"Study1","P157","R13","Global_Impression",4
"Study1","P157","R13","Linguistic_Realization",3
"Study1","P157","R13","Task_Fulfillment",4
"Study1","P158","R03","Global_Impression",4
"Study1","P158","R03","Linguistic_Realization",4
"Study1","P158","R03","Task_Fulfillment",2
"Study1","P158","R08","Global_Impression",4
"Study1","P158","R08","Linguistic_Realization",4
"Study1","P158","R08","Task_Fulfillment",2
"Study1","P159","R11","Global_Impression",2
"Study1","P159","R11","Linguistic_Realization",1
"Study1","P159","R11","Task_Fulfillment",1
"Study1","P159","R13","Global_Impression",1
"Study1","P159","R13","Linguistic_Realization",1
"Study1","P159","R13","Task_Fulfillment",1
"Study1","P160","R02","Global_Impression",4
"Study1","P160","R02","Linguistic_Realization",3
"Study1","P160","R02","Task_Fulfillment",2
"Study1","P160","R11","Global_Impression",3
"Study1","P160","R11","Linguistic_Realization",4
"Study1","P160","R11","Task_Fulfillment",3
"Study1","P161","R03","Global_Impression",4
"Study1","P161","R03","Linguistic_Realization",3
"Study1","P161","R03","Task_Fulfillment",4
"Study1","P161","R18","Global_Impression",4
"Study1","P161","R18","Linguistic_Realization",4
"Study1","P161","R18","Task_Fulfillment",4
"Study1","P162","R08","Global_Impression",4
"Study1","P162","R08","Linguistic_Realization",4
"Study1","P162","R08","Task_Fulfillment",4
"Study1","P162","R11","Global_Impression",4
"Study1","P162","R11","Linguistic_Realization",2
"Study1","P162","R11","Task_Fulfillment",4
"Study1","P163","R04","Global_Impression",3
"Study1","P163","R04","Linguistic_Realization",4
"Study1","P163","R04","Task_Fulfillment",3
"Study1","P163","R15","Global_Impression",4
"Study1","P163","R15","Linguistic_Realization",3
"Study1","P163","R15","Task_Fulfillment",2
"Study1","P164","R05","Global_Impression",4
"Study1","P164","R05","Linguistic_Realization",2
"Study1","P164","R05","Task_Fulfillment",2
"Study1","P164","R17","Global_Impression",2
"Study1","P164","R17","Linguistic_Realization",2
"Study1","P164","R17","Task_Fulfillment",1
"Study1","P165","R10","Global_Impression",3
"Study1","P165","R10","Linguistic_Realization",2
"Study1","P165","R10","Task_Fulfillment",2
"Study1","P165","R13","Global_Impression",2
"Study1","P165","R13","Linguistic_Realization",1
"Study1","P165","R13","Task_Fulfillment",3
"Study1","P166","R06","Global_Impression",2
"Study1","P166","R06","Linguistic_Realization",3
"Study1","P166","R06","Task_Fulfillment",2
"Study1","P166","R13","Global_Impression",3
"Study1","P166","R13","Linguistic_Realization",2
"Study1","P166","R13","Task_Fulfillment",2
"Study1","P167","R08","Global_Impression",4
"Study1","P167","R08","Linguistic_Realization",2
"Study1","P167","R08","Task_Fulfillment",2
"Study1","P167","R17","Global_Impression",3
"Study1","P167","R17","Linguistic_Realization",2
"Study1","P167","R17","Task_Fulfillment",2
"Study1","P168","R01","Global_Impression",4
"Study1","P168","R01","Linguistic_Realization",3
"Study1","P168","R01","Task_Fulfillment",3
"Study1","P168","R08","Global_Impression",4
"Study1","P168","R08","Linguistic_Realization",2
"Study1","P168","R08","Task_Fulfillment",4
"Study1","P169","R09","Global_Impression",4
"Study1","P169","R09","Linguistic_Realization",2
"Study1","P169","R09","Task_Fulfillment",3
"Study1","P169","R17","Global_Impression",4
"Study1","P169","R17","Linguistic_Realization",2
"Study1","P169","R17","Task_Fulfillment",4
"Study1","P170","R06","Global_Impression",2
"Study1","P170","R06","Linguistic_Realization",1
"Study1","P170","R06","Task_Fulfillment",2
"Study1","P170","R08","Global_Impression",4
"Study1","P170","R08","Linguistic_Realization",3
"Study1","P170","R08","Task_Fulfillment",3
"Study1","P171","R03","Global_Impression",3
"Study1","P171","R03","Linguistic_Realization",4
"Study1","P171","R03","Task_Fulfillment",4
"Study1","P171","R08","Global_Impression",4
"Study1","P171","R08","Linguistic_Realization",4
"Study1","P171","R08","Task_Fulfillment",3
"Study1","P172","R09","Global_Impression",4
"Study1","P172","R09","Linguistic_Realization",4
"Study1","P172","R09","Task_Fulfillment",4
"Study1","P172","R12","Global_Impression",3
"Study1","P172","R12","Linguistic_Realization",2
"Study1","P172","R12","Task_Fulfillment",4
"Study1","P173","R10","Global_Impression",2
"Study1","P173","R10","Linguistic_Realization",1
"Study1","P173","R10","Task_Fulfillment",1
"Study1","P173","R11","Global_Impression",1
"Study1","P173","R11","Linguistic_Realization",1
"Study1","P173","R11","Task_Fulfillment",2
"Study1","P174","R05","Global_Impression",4
"Study1","P174","R05","Linguistic_Realization",4
"Study1","P174","R05","Task_Fulfillment",3
"Study1","P174","R09","Global_Impression",3
"Study1","P174","R09","Linguistic_Realization",2
"Study1","P174","R09","Task_Fulfillment",3
"Study1","P175","R05","Global_Impression",4
"Study1","P175","R05","Linguistic_Realization",4
"Study1","P175","R05","Task_Fulfillment",4
"Study1","P175","R10","Global_Impression",4
"Study1","P175","R10","Linguistic_Realization",3
"Study1","P175","R10","Task_Fulfillment",3
"Study1","P176","R03","Global_Impression",4
"Study1","P176","R03","Linguistic_Realization",3
"Study1","P176","R03","Task_Fulfillment",4
"Study1","P176","R05","Global_Impression",4
"Study1","P176","R05","Linguistic_Realization",4
"Study1","P176","R05","Task_Fulfillment",4
"Study1","P177","R08","Global_Impression",3
"Study1","P177","R08","Linguistic_Realization",3
"Study1","P177","R08","Task_Fulfillment",2
"Study1","P177","R10","Global_Impression",3
"Study1","P177","R10","Linguistic_Realization",2
"Study1","P177","R10","Task_Fulfillment",2
"Study1","P178","R04","Global_Impression",4
"Study1","P178","R04","Linguistic_Realization",3
"Study1","P178","R04","Task_Fulfillment",4
"Study1","P178","R10","Global_Impression",4
"Study1","P178","R10","Linguistic_Realization",3
"Study1","P178","R10","Task_Fulfillment",2
"Study1","P179","R06","Global_Impression",3
"Study1","P179","R06","Linguistic_Realization",2
"Study1","P179","R06","Task_Fulfillment",2
"Study1","P179","R11","Global_Impression",2
"Study1","P179","R11","Linguistic_Realization",1
"Study1","P179","R11","Task_Fulfillment",1
"Study1","P180","R04","Global_Impression",4
"Study1","P180","R04","Linguistic_Realization",2
"Study1","P180","R04","Task_Fulfillment",3
"Study1","P180","R18","Global_Impression",4
"Study1","P180","R18","Linguistic_Realization",1
"Study1","P180","R18","Task_Fulfillment",3
"Study1","P181","R06","Global_Impression",1
"Study1","P181","R06","Linguistic_Realization",2
"Study1","P181","R06","Task_Fulfillment",1
"Study1","P181","R10","Global_Impression",2
"Study1","P181","R10","Linguistic_Realization",2
"Study1","P181","R10","Task_Fulfillment",1
"Study1","P182","R03","Global_Impression",4
"Study1","P182","R03","Linguistic_Realization",2
"Study1","P182","R03","Task_Fulfillment",2
"Study1","P182","R10","Global_Impression",4
"Study1","P182","R10","Linguistic_Realization",2
"Study1","P182","R10","Task_Fulfillment",2
"Study1","P183","R05","Global_Impression",3
"Study1","P183","R05","Linguistic_Realization",4
"Study1","P183","R05","Task_Fulfillment",3
"Study1","P183","R10","Global_Impression",4
"Study1","P183","R10","Linguistic_Realization",3
"Study1","P183","R10","Task_Fulfillment",4
"Study1","P184","R04","Global_Impression",4
"Study1","P184","R04","Linguistic_Realization",2
"Study1","P184","R04","Task_Fulfillment",1
"Study1","P184","R12","Global_Impression",4
"Study1","P184","R12","Linguistic_Realization",2
"Study1","P184","R12","Task_Fulfillment",1
"Study1","P185","R03","Global_Impression",4
"Study1","P185","R03","Linguistic_Realization",4
"Study1","P185","R03","Task_Fulfillment",2
"Study1","P185","R09","Global_Impression",4
"Study1","P185","R09","Linguistic_Realization",4
"Study1","P185","R09","Task_Fulfillment",3
"Study1","P186","R05","Global_Impression",4
"Study1","P186","R05","Linguistic_Realization",2
"Study1","P186","R05","Task_Fulfillment",4
"Study1","P186","R08","Global_Impression",4
"Study1","P186","R08","Linguistic_Realization",4
"Study1","P186","R08","Task_Fulfillment",2
"Study1","P187","R03","Global_Impression",4
"Study1","P187","R03","Linguistic_Realization",1
"Study1","P187","R03","Task_Fulfillment",2
"Study1","P187","R11","Global_Impression",2
"Study1","P187","R11","Linguistic_Realization",3
"Study1","P187","R11","Task_Fulfillment",3
"Study1","P188","R08","Global_Impression",4
"Study1","P188","R08","Linguistic_Realization",4
"Study1","P188","R08","Task_Fulfillment",4
"Study1","P188","R17","Global_Impression",4
"Study1","P188","R17","Linguistic_Realization",4
"Study1","P188","R17","Task_Fulfillment",4
"Study1","P189","R13","Global_Impression",4
"Study1","P189","R13","Linguistic_Realization",2
"Study1","P189","R13","Task_Fulfillment",1
"Study1","P189","R17","Global_Impression",4
"Study1","P189","R17","Linguistic_Realization",3
"Study1","P189","R17","Task_Fulfillment",4
"Study1","P190","R05","Global_Impression",4
"Study1","P190","R05","Linguistic_Realization",2
"Study1","P190","R05","Task_Fulfillment",3
"Study1","P190","R06","Global_Impression",3
"Study1","P190","R06","Linguistic_Realization",2
"Study1","P190","R06","Task_Fulfillment",2
"Study1","P191","R07","Global_Impression",4
"Study1","P191","R07","Linguistic_Realization",3
"Study1","P191","R07","Task_Fulfillment",3
"Study1","P191","R11","Global_Impression",4
"Study1","P191","R11","Linguistic_Realization",3
"Study1","P191","R11","Task_Fulfillment",4
"Study1","P192","R05","Global_Impression",3
"Study1","P192","R05","Linguistic_Realization",2
"Study1","P192","R05","Task_Fulfillment",2
"Study1","P192","R09","Global_Impression",4
"Study1","P192","R09","Linguistic_Realization",3
"Study1","P192","R09","Task_Fulfillment",1
"Study1","P193","R02","Global_Impression",2
"Study1","P193","R02","Linguistic_Realization",2
"Study1","P193","R02","Task_Fulfillment",1
"Study1","P193","R06","Global_Impression",2
"Study1","P193","R06","Linguistic_Realization",1
"Study1","P193","R06","Task_Fulfillment",1
"Study1","P194","R08","Global_Impression",3
"Study1","P194","R08","Linguistic_Realization",2
"Study1","P194","R08","Task_Fulfillment",2
"Study1","P194","R15","Global_Impression",3
"Study1","P194","R15","Linguistic_Realization",1
"Study1","P194","R15","Task_Fulfillment",2
"Study1","P195","R06","Global_Impression",2
"Study1","P195","R06","Linguistic_Realization",2
"Study1","P195","R06","Task_Fulfillment",1
"Study1","P195","R08","Global_Impression",4
"Study1","P195","R08","Linguistic_Realization",2
"Study1","P195","R08","Task_Fulfillment",3
"Study1","P196","R05","Global_Impression",1
"Study1","P196","R05","Linguistic_Realization",3
"Study1","P196","R05","Task_Fulfillment",1
"Study1","P196","R13","Global_Impression",2
"Study1","P196","R13","Linguistic_Realization",1
"Study1","P196","R13","Task_Fulfillment",1
"Study1","P197","R09","Global_Impression",4
"Study1","P197","R09","Linguistic_Realization",4
"Study1","P197","R09","Task_Fulfillment",4
"Study1","P197","R18","Global_Impression",3
"Study1","P197","R18","Linguistic_Realization",3
"Study1","P197","R18","Task_Fulfillment",4
"Study1","P198","R04","Global_Impression",4
"Study1","P198","R04","Linguistic_Realization",4
"Study1","P198","R04","Task_Fulfillment",4
"Study1","P198","R08","Global_Impression",4
"Study1","P198","R08","Linguistic_Realization",4
"Study1","P198","R08","Task_Fulfillment",3
"Study1","P199","R07","Global_Impression",4
"Study1","P199","R07","Linguistic_Realization",1
"Study1","P199","R07","Task_Fulfillment",4
"Study1","P199","R09","Global_Impression",4
"Study1","P199","R09","Linguistic_Realization",4
"Study1","P199","R09","Task_Fulfillment",4
"Study1","P200","R15","Global_Impression",4
"Study1","P200","R15","Linguistic_Realization",3
"Study1","P200","R15","Task_Fulfillment",3
"Study1","P200","R18","Global_Impression",3
"Study1","P200","R18","Linguistic_Realization",3
"Study1","P200","R18","Task_Fulfillment",2
"Study1","P201","R06","Global_Impression",4
"Study1","P201","R06","Linguistic_Realization",1
"Study1","P201","R06","Task_Fulfillment",2
"Study1","P201","R08","Global_Impression",4
"Study1","P201","R08","Linguistic_Realization",4
"Study1","P201","R08","Task_Fulfillment",3
"Study1","P202","R01","Global_Impression",2
"Study1","P202","R01","Linguistic_Realization",2
"Study1","P202","R01","Task_Fulfillment",1
"Study1","P202","R18","Global_Impression",3
"Study1","P202","R18","Linguistic_Realization",2
"Study1","P202","R18","Task_Fulfillment",4
"Study1","P203","R06","Global_Impression",3
"Study1","P203","R06","Linguistic_Realization",2
"Study1","P203","R06","Task_Fulfillment",2
"Study1","P203","R18","Global_Impression",4
"Study1","P203","R18","Linguistic_Realization",3
"Study1","P203","R18","Task_Fulfillment",3
"Study1","P204","R05","Global_Impression",4
"Study1","P204","R05","Linguistic_Realization",4
"Study1","P204","R05","Task_Fulfillment",4
"Study1","P204","R17","Global_Impression",4
"Study1","P204","R17","Linguistic_Realization",3
"Study1","P204","R17","Task_Fulfillment",4
"Study1","P205","R05","Global_Impression",2
"Study1","P205","R05","Linguistic_Realization",2
"Study1","P205","R05","Task_Fulfillment",1
"Study1","P205","R06","Global_Impression",1
"Study1","P205","R06","Linguistic_Realization",2
"Study1","P205","R06","Task_Fulfillment",1
"Study1","P206","R10","Global_Impression",4
"Study1","P206","R10","Linguistic_Realization",4
"Study1","P206","R10","Task_Fulfillment",4
"Study1","P206","R13","Global_Impression",4
"Study1","P206","R13","Linguistic_Realization",2
"Study1","P206","R13","Task_Fulfillment",1
"Study1","P207","R01","Global_Impression",3
"Study1","P207","R01","Linguistic_Realization",2
"Study1","P207","R01","Task_Fulfillment",2
"Study1","P207","R16","Global_Impression",2
"Study1","P207","R16","Linguistic_Realization",2
"Study1","P207","R16","Task_Fulfillment",3
"Study1","P208","R10","Global_Impression",4
"Study1","P208","R10","Linguistic_Realization",4
"Study1","P208","R10","Task_Fulfillment",3
"Study1","P208","R14","Global_Impression",4
"Study1","P208","R14","Linguistic_Realization",4
"Study1","P208","R14","Task_Fulfillment",4
"Study1","P209","R08","Global_Impression",4
"Study1","P209","R08","Linguistic_Realization",4
"Study1","P209","R08","Task_Fulfillment",4
"Study1","P209","R11","Global_Impression",4
"Study1","P209","R11","Linguistic_Realization",4
"Study1","P209","R11","Task_Fulfillment",4
"Study1","P210","R08","Global_Impression",4
"Study1","P210","R08","Linguistic_Realization",2
"Study1","P210","R08","Task_Fulfillment",3
"Study1","P210","R10","Global_Impression",2
"Study1","P210","R10","Linguistic_Realization",2
"Study1","P210","R10","Task_Fulfillment",3
"Study1","P211","R02","Global_Impression",3
"Study1","P211","R02","Linguistic_Realization",1
"Study1","P211","R02","Task_Fulfillment",4
"Study1","P211","R11","Global_Impression",4
"Study1","P211","R11","Linguistic_Realization",3
"Study1","P211","R11","Task_Fulfillment",4
"Study1","P212","R03","Global_Impression",3
"Study1","P212","R03","Linguistic_Realization",1
"Study1","P212","R03","Task_Fulfillment",4
"Study1","P212","R17","Global_Impression",3
"Study1","P212","R17","Linguistic_Realization",1
"Study1","P212","R17","Task_Fulfillment",2
"Study1","P213","R10","Global_Impression",3
"Study1","P213","R10","Linguistic_Realization",2
"Study1","P213","R10","Task_Fulfillment",3
"Study1","P213","R16","Global_Impression",2
"Study1","P213","R16","Linguistic_Realization",3
"Study1","P213","R16","Task_Fulfillment",2
"Study1","P214","R01","Global_Impression",2
"Study1","P214","R01","Linguistic_Realization",2
"Study1","P214","R01","Task_Fulfillment",1
"Study1","P214","R02","Global_Impression",4
"Study1","P214","R02","Linguistic_Realization",4
"Study1","P214","R02","Task_Fulfillment",3
"Study1","P215","R09","Global_Impression",4
"Study1","P215","R09","Linguistic_Realization",4
"Study1","P215","R09","Task_Fulfillment",3
"Study1","P215","R10","Global_Impression",3
"Study1","P215","R10","Linguistic_Realization",2
"Study1","P215","R10","Task_Fulfillment",2
"Study1","P216","R10","Global_Impression",4
"Study1","P216","R10","Linguistic_Realization",2
"Study1","P216","R10","Task_Fulfillment",3
"Study1","P216","R11","Global_Impression",4
"Study1","P216","R11","Linguistic_Realization",1
"Study1","P216","R11","Task_Fulfillment",4
"Study1","P217","R03","Global_Impression",3
"Study1","P217","R03","Linguistic_Realization",3
"Study1","P217","R03","Task_Fulfillment",3
"Study1","P217","R09","Global_Impression",4
"Study1","P217","R09","Linguistic_Realization",4
"Study1","P217","R09","Task_Fulfillment",4
"Study1","P218","R02","Global_Impression",4
"Study1","P218","R02","Linguistic_Realization",4
"Study1","P218","R02","Task_Fulfillment",2
"Study1","P218","R13","Global_Impression",2
"Study1","P218","R13","Linguistic_Realization",1
"Study1","P218","R13","Task_Fulfillment",2
"Study1","P219","R05","Global_Impression",1
"Study1","P219","R05","Linguistic_Realization",1
"Study1","P219","R05","Task_Fulfillment",1
"Study1","P219","R10","Global_Impression",3
"Study1","P219","R10","Linguistic_Realization",3
"Study1","P219","R10","Task_Fulfillment",2
"Study1","P220","R03","Global_Impression",4
"Study1","P220","R03","Linguistic_Realization",3
"Study1","P220","R03","Task_Fulfillment",2
"Study1","P220","R10","Global_Impression",4
"Study1","P220","R10","Linguistic_Realization",1
"Study1","P220","R10","Task_Fulfillment",2
"Study1","P221","R04","Global_Impression",3
"Study1","P221","R04","Linguistic_Realization",3
"Study1","P221","R04","Task_Fulfillment",2
"Study1","P221","R05","Global_Impression",3
"Study1","P221","R05","Linguistic_Realization",4
"Study1","P221","R05","Task_Fulfillment",4
"Study1","P222","R03","Global_Impression",4
"Study1","P222","R03","Linguistic_Realization",3
"Study1","P222","R03","Task_Fulfillment",4
"Study1","P222","R05","Global_Impression",4
"Study1","P222","R05","Linguistic_Realization",3
"Study1","P222","R05","Task_Fulfillment",3
"Study1","P223","R08","Global_Impression",3
"Study1","P223","R08","Linguistic_Realization",4
"Study1","P223","R08","Task_Fulfillment",3
"Study1","P223","R18","Global_Impression",4
"Study1","P223","R18","Linguistic_Realization",3
"Study1","P223","R18","Task_Fulfillment",3
"Study1","P224","R06","Global_Impression",4
"Study1","P224","R06","Linguistic_Realization",3
"Study1","P224","R06","Task_Fulfillment",1
"Study1","P224","R12","Global_Impression",4
"Study1","P224","R12","Linguistic_Realization",1
"Study1","P224","R12","Task_Fulfillment",2
"Study1","P225","R08","Global_Impression",4
"Study1","P225","R08","Linguistic_Realization",3
"Study1","P225","R08","Task_Fulfillment",4
"Study1","P225","R10","Global_Impression",4
"Study1","P225","R10","Linguistic_Realization",3
"Study1","P225","R10","Task_Fulfillment",4
"Study1","P226","R05","Global_Impression",4
"Study1","P226","R05","Linguistic_Realization",1
"Study1","P226","R05","Task_Fulfillment",2
"Study1","P226","R13","Global_Impression",2
"Study1","P226","R13","Linguistic_Realization",1
"Study1","P226","R13","Task_Fulfillment",1
"Study1","P227","R01","Global_Impression",2
"Study1","P227","R01","Linguistic_Realization",2
"Study1","P227","R01","Task_Fulfillment",2
"Study1","P227","R11","Global_Impression",3
"Study1","P227","R11","Linguistic_Realization",2
"Study1","P227","R11","Task_Fulfillment",1
"Study1","P228","R04","Global_Impression",4
"Study1","P228","R04","Linguistic_Realization",2
"Study1","P228","R04","Task_Fulfillment",2
"Study1","P228","R17","Global_Impression",4
"Study1","P228","R17","Linguistic_Realization",1
"Study1","P228","R17","Task_Fulfillment",1
"Study1","P229","R01","Global_Impression",3
"Study1","P229","R01","Linguistic_Realization",2
"Study1","P229","R01","Task_Fulfillment",2
"Study1","P229","R11","Global_Impression",4
"Study1","P229","R11","Linguistic_Realization",4
"Study1","P229","R11","Task_Fulfillment",1
"Study1","P230","R02","Global_Impression",4
"Study1","P230","R02","Linguistic_Realization",1
"Study1","P230","R02","Task_Fulfillment",2
"Study1","P230","R18","Global_Impression",3
"Study1","P230","R18","Linguistic_Realization",2
"Study1","P230","R18","Task_Fulfillment",1
"Study1","P231","R06","Global_Impression",3
"Study1","P231","R06","Linguistic_Realization",1
"Study1","P231","R06","Task_Fulfillment",1
"Study1","P231","R09","Global_Impression",3
"Study1","P231","R09","Linguistic_Realization",1
"Study1","P231","R09","Task_Fulfillment",2
"Study1","P232","R04","Global_Impression",4
"Study1","P232","R04","Linguistic_Realization",4
"Study1","P232","R04","Task_Fulfillment",2
"Study1","P232","R08","Global_Impression",4
"Study1","P232","R08","Linguistic_Realization",3
"Study1","P232","R08","Task_Fulfillment",3
"Study1","P233","R05","Global_Impression",4
"Study1","P233","R05","Linguistic_Realization",3
"Study1","P233","R05","Task_Fulfillment",3
"Study1","P233","R11","Global_Impression",3
"Study1","P233","R11","Linguistic_Realization",4
"Study1","P233","R11","Task_Fulfillment",3
"Study1","P234","R11","Global_Impression",3
"Study1","P234","R11","Linguistic_Realization",4
"Study1","P234","R11","Task_Fulfillment",4
"Study1","P234","R18","Global_Impression",3
"Study1","P234","R18","Linguistic_Realization",3
"Study1","P234","R18","Task_Fulfillment",2
"Study1","P235","R09","Global_Impression",4
"Study1","P235","R09","Linguistic_Realization",4
"Study1","P235","R09","Task_Fulfillment",2
"Study1","P235","R16","Global_Impression",4
"Study1","P235","R16","Linguistic_Realization",2
"Study1","P235","R16","Task_Fulfillment",4
"Study1","P236","R08","Global_Impression",4
"Study1","P236","R08","Linguistic_Realization",4
"Study1","P236","R08","Task_Fulfillment",3
"Study1","P236","R11","Global_Impression",4
"Study1","P236","R11","Linguistic_Realization",2
"Study1","P236","R11","Task_Fulfillment",1
"Study1","P237","R10","Global_Impression",4
"Study1","P237","R10","Linguistic_Realization",4
"Study1","P237","R10","Task_Fulfillment",3
"Study1","P237","R12","Global_Impression",4
"Study1","P237","R12","Linguistic_Realization",4
"Study1","P237","R12","Task_Fulfillment",4
"Study1","P238","R10","Global_Impression",2
"Study1","P238","R10","Linguistic_Realization",3
"Study1","P238","R10","Task_Fulfillment",1
"Study1","P238","R13","Global_Impression",3
"Study1","P238","R13","Linguistic_Realization",2
"Study1","P238","R13","Task_Fulfillment",2
"Study1","P239","R06","Global_Impression",4
"Study1","P239","R06","Linguistic_Realization",4
"Study1","P239","R06","Task_Fulfillment",4
"Study1","P239","R08","Global_Impression",4
"Study1","P239","R08","Linguistic_Realization",4
"Study1","P239","R08","Task_Fulfillment",4
"Study1","P240","R10","Global_Impression",2
"Study1","P240","R10","Linguistic_Realization",1
"Study1","P240","R10","Task_Fulfillment",1
"Study1","P240","R14","Global_Impression",2
"Study1","P240","R14","Linguistic_Realization",3
"Study1","P240","R14","Task_Fulfillment",2
"Study1","P241","R08","Global_Impression",3
"Study1","P241","R08","Linguistic_Realization",4
"Study1","P241","R08","Task_Fulfillment",4
"Study1","P241","R18","Global_Impression",4
"Study1","P241","R18","Linguistic_Realization",4
"Study1","P241","R18","Task_Fulfillment",3
"Study1","P242","R10","Global_Impression",2
"Study1","P242","R10","Linguistic_Realization",1
"Study1","P242","R10","Task_Fulfillment",2
"Study1","P242","R11","Global_Impression",3
"Study1","P242","R11","Linguistic_Realization",2
"Study1","P242","R11","Task_Fulfillment",2
"Study1","P243","R06","Global_Impression",1
"Study1","P243","R06","Linguistic_Realization",3
"Study1","P243","R06","Task_Fulfillment",3
"Study1","P243","R10","Global_Impression",3
"Study1","P243","R10","Linguistic_Realization",2
"Study1","P243","R10","Task_Fulfillment",2
"Study1","P244","R02","Global_Impression",3
"Study1","P244","R02","Linguistic_Realization",1
"Study1","P244","R02","Task_Fulfillment",2
"Study1","P244","R05","Global_Impression",3
"Study1","P244","R05","Linguistic_Realization",3
"Study1","P244","R05","Task_Fulfillment",2
"Study1","P245","R10","Global_Impression",4
"Study1","P245","R10","Linguistic_Realization",3
"Study1","P245","R10","Task_Fulfillment",1
"Study1","P245","R13","Global_Impression",2
"Study1","P245","R13","Linguistic_Realization",1
"Study1","P245","R13","Task_Fulfillment",1
"Study1","P246","R13","Global_Impression",2
"Study1","P246","R13","Linguistic_Realization",3
"Study1","P246","R13","Task_Fulfillment",1
"Study1","P246","R16","Global_Impression",4
"Study1","P246","R16","Linguistic_Realization",3
"Study1","P246","R16","Task_Fulfillment",3
"Study1","P247","R08","Global_Impression",4
"Study1","P247","R08","Linguistic_Realization",4
"Study1","P247","R08","Task_Fulfillment",2
"Study1","P247","R18","Global_Impression",4
"Study1","P247","R18","Linguistic_Realization",4
"Study1","P247","R18","Task_Fulfillment",4
"Study1","P248","R05","Global_Impression",4
"Study1","P248","R05","Linguistic_Realization",4
"Study1","P248","R05","Task_Fulfillment",4
"Study1","P248","R10","Global_Impression",4
"Study1","P248","R10","Linguistic_Realization",2
"Study1","P248","R10","Task_Fulfillment",4
"Study1","P249","R10","Global_Impression",4
"Study1","P249","R10","Linguistic_Realization",2
"Study1","P249","R10","Task_Fulfillment",1
"Study1","P249","R11","Global_Impression",4
"Study1","P249","R11","Linguistic_Realization",2
"Study1","P249","R11","Task_Fulfillment",2
"Study1","P250","R14","Global_Impression",3
"Study1","P250","R14","Linguistic_Realization",2
"Study1","P250","R14","Task_Fulfillment",3
"Study1","P250","R17","Global_Impression",2
"Study1","P250","R17","Linguistic_Realization",2
"Study1","P250","R17","Task_Fulfillment",2
"Study1","P251","R13","Global_Impression",2
"Study1","P251","R13","Linguistic_Realization",1
"Study1","P251","R13","Task_Fulfillment",1
"Study1","P251","R14","Global_Impression",4
"Study1","P251","R14","Linguistic_Realization",4
"Study1","P251","R14","Task_Fulfillment",4
"Study1","P252","R10","Global_Impression",3
"Study1","P252","R10","Linguistic_Realization",1
"Study1","P252","R10","Task_Fulfillment",2
"Study1","P252","R17","Global_Impression",4
"Study1","P252","R17","Linguistic_Realization",1
"Study1","P252","R17","Task_Fulfillment",1
"Study1","P253","R10","Global_Impression",4
"Study1","P253","R10","Linguistic_Realization",3
"Study1","P253","R10","Task_Fulfillment",3
"Study1","P253","R17","Global_Impression",4
"Study1","P253","R17","Linguistic_Realization",2
"Study1","P253","R17","Task_Fulfillment",4
"Study1","P254","R08","Global_Impression",4
"Study1","P254","R08","Linguistic_Realization",4
"Study1","P254","R08","Task_Fulfillment",3
"Study1","P254","R09","Global_Impression",4
"Study1","P254","R09","Linguistic_Realization",2
"Study1","P254","R09","Task_Fulfillment",4
"Study1","P255","R08","Global_Impression",4
"Study1","P255","R08","Linguistic_Realization",4
"Study1","P255","R08","Task_Fulfillment",4
"Study1","P255","R10","Global_Impression",4
"Study1","P255","R10","Linguistic_Realization",3
"Study1","P255","R10","Task_Fulfillment",2
"Study1","P256","R06","Global_Impression",1
"Study1","P256","R06","Linguistic_Realization",2
"Study1","P256","R06","Task_Fulfillment",1
"Study1","P256","R10","Global_Impression",2
"Study1","P256","R10","Linguistic_Realization",3
"Study1","P256","R10","Task_Fulfillment",1
"Study1","P257","R05","Global_Impression",4
"Study1","P257","R05","Linguistic_Realization",4
"Study1","P257","R05","Task_Fulfillment",4
"Study1","P257","R06","Global_Impression",3
"Study1","P257","R06","Linguistic_Realization",4
"Study1","P257","R06","Task_Fulfillment",2
"Study1","P258","R04","Global_Impression",3
"Study1","P258","R04","Linguistic_Realization",3
"Study1","P258","R04","Task_Fulfillment",4
"Study1","P258","R12","Global_Impression",4
"Study1","P258","R12","Linguistic_Realization",3
"Study1","P258","R12","Task_Fulfillment",2
"Study1","P259","R01","Global_Impression",4
"Study1","P259","R01","Linguistic_Realization",4
"Study1","P259","R01","Task_Fulfillment",4
"Study1","P259","R14","Global_Impression",4
"Study1","P259","R14","Linguistic_Realization",4
"Study1","P259","R14","Task_Fulfillment",3
"Study1","P260","R06","Global_Impression",2
"Study1","P260","R06","Linguistic_Realization",3
"Study1","P260","R06","Task_Fulfillment",2
"Study1","P260","R08","Global_Impression",4
"Study1","P260","R08","Linguistic_Realization",4
"Study1","P260","R08","Task_Fulfillment",4
"Study1","P261","R05","Global_Impression",4
"Study1","P261","R05","Linguistic_Realization",3
"Study1","P261","R05","Task_Fulfillment",2
"Study1","P261","R07","Global_Impression",3
"Study1","P261","R07","Linguistic_Realization",2
"Study1","P261","R07","Task_Fulfillment",2
"Study1","P262","R06","Global_Impression",1
"Study1","P262","R06","Linguistic_Realization",1
"Study1","P262","R06","Task_Fulfillment",2
"Study1","P262","R09","Global_Impression",2
"Study1","P262","R09","Linguistic_Realization",3
"Study1","P262","R09","Task_Fulfillment",4
"Study1","P263","R11","Global_Impression",2
"Study1","P263","R11","Linguistic_Realization",2
"Study1","P263","R11","Task_Fulfillment",2
"Study1","P263","R12","Global_Impression",4
"Study1","P263","R12","Linguistic_Realization",3
"Study1","P263","R12","Task_Fulfillment",3
"Study1","P264","R05","Global_Impression",4
"Study1","P264","R05","Linguistic_Realization",3
"Study1","P264","R05","Task_Fulfillment",3
"Study1","P264","R08","Global_Impression",3
"Study1","P264","R08","Linguistic_Realization",3
"Study1","P264","R08","Task_Fulfillment",4
"Study1","P265","R12","Global_Impression",4
"Study1","P265","R12","Linguistic_Realization",4
"Study1","P265","R12","Task_Fulfillment",2
"Study1","P265","R16","Global_Impression",4
"Study1","P265","R16","Linguistic_Realization",3
"Study1","P265","R16","Task_Fulfillment",3
"Study1","P266","R10","Global_Impression",3
"Study1","P266","R10","Linguistic_Realization",1
"Study1","P266","R10","Task_Fulfillment",2
"Study1","P266","R11","Global_Impression",3
"Study1","P266","R11","Linguistic_Realization",1
"Study1","P266","R11","Task_Fulfillment",2
"Study1","P267","R08","Global_Impression",4
"Study1","P267","R08","Linguistic_Realization",2
"Study1","P267","R08","Task_Fulfillment",3
"Study1","P267","R11","Global_Impression",2
"Study1","P267","R11","Linguistic_Realization",2
"Study1","P267","R11","Task_Fulfillment",1
"Study1","P268","R01","Global_Impression",3
"Study1","P268","R01","Linguistic_Realization",2
"Study1","P268","R01","Task_Fulfillment",2
"Study1","P268","R11","Global_Impression",4
"Study1","P268","R11","Linguistic_Realization",1
"Study1","P268","R11","Task_Fulfillment",1
"Study1","P269","R09","Global_Impression",4
"Study1","P269","R09","Linguistic_Realization",4
"Study1","P269","R09","Task_Fulfillment",3
"Study1","P269","R11","Global_Impression",4
"Study1","P269","R11","Linguistic_Realization",2
"Study1","P269","R11","Task_Fulfillment",3
"Study1","P270","R03","Global_Impression",4
"Study1","P270","R03","Linguistic_Realization",4
"Study1","P270","R03","Task_Fulfillment",3
"Study1","P270","R08","Global_Impression",4
"Study1","P270","R08","Linguistic_Realization",2
"Study1","P270","R08","Task_Fulfillment",4
"Study1","P271","R10","Global_Impression",2
"Study1","P271","R10","Linguistic_Realization",2
"Study1","P271","R10","Task_Fulfillment",2
"Study1","P271","R11","Global_Impression",3
"Study1","P271","R11","Linguistic_Realization",1
"Study1","P271","R11","Task_Fulfillment",4
"Study1","P272","R05","Global_Impression",3
"Study1","P272","R05","Linguistic_Realization",3
"Study1","P272","R05","Task_Fulfillment",2
"Study1","P272","R08","Global_Impression",4
"Study1","P272","R08","Linguistic_Realization",3
"Study1","P272","R08","Task_Fulfillment",3
"Study1","P273","R07","Global_Impression",4
"Study1","P273","R07","Linguistic_Realization",4
"Study1","P273","R07","Task_Fulfillment",3
"Study1","P273","R12","Global_Impression",3
"Study1","P273","R12","Linguistic_Realization",3
"Study1","P273","R12","Task_Fulfillment",4
"Study1","P274","R09","Global_Impression",4
"Study1","P274","R09","Linguistic_Realization",4
"Study1","P274","R09","Task_Fulfillment",3
"Study1","P274","R14","Global_Impression",4
"Study1","P274","R14","Linguistic_Realization",4
"Study1","P274","R14","Task_Fulfillment",2
"Study1","P275","R11","Global_Impression",4
"Study1","P275","R11","Linguistic_Realization",4
"Study1","P275","R11","Task_Fulfillment",2
"Study1","P275","R12","Global_Impression",4
"Study1","P275","R12","Linguistic_Realization",3
"Study1","P275","R12","Task_Fulfillment",4
"Study1","P276","R09","Global_Impression",4
"Study1","P276","R09","Linguistic_Realization",4
"Study1","P276","R09","Task_Fulfillment",3
"Study1","P276","R17","Global_Impression",3
"Study1","P276","R17","Linguistic_Realization",4
"Study1","P276","R17","Task_Fulfillment",1
"Study1","P277","R02","Global_Impression",3
"Study1","P277","R02","Linguistic_Realization",3
"Study1","P277","R02","Task_Fulfillment",2
"Study1","P277","R08","Global_Impression",4
"Study1","P277","R08","Linguistic_Realization",4
"Study1","P277","R08","Task_Fulfillment",3
"Study1","P278","R10","Global_Impression",4
"Study1","P278","R10","Linguistic_Realization",3
"Study1","P278","R10","Task_Fulfillment",4
"Study1","P278","R17","Global_Impression",4
"Study1","P278","R17","Linguistic_Realization",4
"Study1","P278","R17","Task_Fulfillment",3
"Study1","P279","R08","Global_Impression",4
"Study1","P279","R08","Linguistic_Realization",2
"Study1","P279","R08","Task_Fulfillment",4
"Study1","P279","R18","Global_Impression",4
"Study1","P279","R18","Linguistic_Realization",2
"Study1","P279","R18","Task_Fulfillment",2
"Study1","P280","R06","Global_Impression",3
"Study1","P280","R06","Linguistic_Realization",3
"Study1","P280","R06","Task_Fulfillment",4
"Study1","P280","R18","Global_Impression",4
"Study1","P280","R18","Linguistic_Realization",3
"Study1","P280","R18","Task_Fulfillment",4
"Study1","P281","R04","Global_Impression",3
"Study1","P281","R04","Linguistic_Realization",3
"Study1","P281","R04","Task_Fulfillment",3
"Study1","P281","R08","Global_Impression",3
"Study1","P281","R08","Linguistic_Realization",3
"Study1","P281","R08","Task_Fulfillment",2
"Study1","P282","R02","Global_Impression",2
"Study1","P282","R02","Linguistic_Realization",3
"Study1","P282","R02","Task_Fulfillment",4
"Study1","P282","R08","Global_Impression",4
"Study1","P282","R08","Linguistic_Realization",4
"Study1","P282","R08","Task_Fulfillment",2
"Study1","P283","R04","Global_Impression",4
"Study1","P283","R04","Linguistic_Realization",1
"Study1","P283","R04","Task_Fulfillment",3
"Study1","P283","R10","Global_Impression",2
"Study1","P283","R10","Linguistic_Realization",3
"Study1","P283","R10","Task_Fulfillment",3
"Study1","P284","R05","Global_Impression",4
"Study1","P284","R05","Linguistic_Realization",2
"Study1","P284","R05","Task_Fulfillment",2
"Study1","P284","R09","Global_Impression",4
"Study1","P284","R09","Linguistic_Realization",4
"Study1","P284","R09","Task_Fulfillment",3
"Study1","P285","R03","Global_Impression",4
"Study1","P285","R03","Linguistic_Realization",3
"Study1","P285","R03","Task_Fulfillment",3
"Study1","P285","R08","Global_Impression",3
"Study1","P285","R08","Linguistic_Realization",4
"Study1","P285","R08","Task_Fulfillment",1
"Study1","P286","R03","Global_Impression",2
"Study1","P286","R03","Linguistic_Realization",4
"Study1","P286","R03","Task_Fulfillment",2
"Study1","P286","R10","Global_Impression",3
"Study1","P286","R10","Linguistic_Realization",2
"Study1","P286","R10","Task_Fulfillment",2
"Study1","P287","R05","Global_Impression",4
"Study1","P287","R05","Linguistic_Realization",4
"Study1","P287","R05","Task_Fulfillment",3
"Study1","P287","R16","Global_Impression",4
"Study1","P287","R16","Linguistic_Realization",3
"Study1","P287","R16","Task_Fulfillment",4
"Study1","P288","R06","Global_Impression",3
"Study1","P288","R06","Linguistic_Realization",1
"Study1","P288","R06","Task_Fulfillment",1
"Study1","P288","R09","Global_Impression",3
"Study1","P288","R09","Linguistic_Realization",2
"Study1","P288","R09","Task_Fulfillment",3
"Study1","P289","R09","Global_Impression",4
"Study1","P289","R09","Linguistic_Realization",3
"Study1","P289","R09","Task_Fulfillment",4
"Study1","P289","R13","Global_Impression",3
"Study1","P289","R13","Linguistic_Realization",3
"Study1","P289","R13","Task_Fulfillment",2
"Study1","P290","R11","Global_Impression",4
"Study1","P290","R11","Linguistic_Realization",4
"Study1","P290","R11","Task_Fulfillment",3
"Study1","P290","R16","Global_Impression",4
"Study1","P290","R16","Linguistic_Realization",4
"Study1","P290","R16","Task_Fulfillment",3
"Study1","P291","R07","Global_Impression",4
"Study1","P291","R07","Linguistic_Realization",4
"Study1","P291","R07","Task_Fulfillment",3
"Study1","P291","R08","Global_Impression",4
"Study1","P291","R08","Linguistic_Realization",3
"Study1","P291","R08","Task_Fulfillment",4
"Study1","P292","R02","Global_Impression",3
"Study1","P292","R02","Linguistic_Realization",2
"Study1","P292","R02","Task_Fulfillment",1
"Study1","P292","R04","Global_Impression",4
"Study1","P292","R04","Linguistic_Realization",4
"Study1","P292","R04","Task_Fulfillment",3
"Study1","P293","R04","Global_Impression",4
"Study1","P293","R04","Linguistic_Realization",3
"Study1","P293","R04","Task_Fulfillment",4
"Study1","P293","R11","Global_Impression",4
"Study1","P293","R11","Linguistic_Realization",2
"Study1","P293","R11","Task_Fulfillment",2
"Study1","P294","R06","Global_Impression",4
"Study1","P294","R06","Linguistic_Realization",1
"Study1","P294","R06","Task_Fulfillment",2
"Study1","P294","R08","Global_Impression",4
"Study1","P294","R08","Linguistic_Realization",3
"Study1","P294","R08","Task_Fulfillment",4
"Study1","P295","R02","Global_Impression",4
"Study1","P295","R02","Linguistic_Realization",4
"Study1","P295","R02","Task_Fulfillment",4
"Study1","P295","R10","Global_Impression",3
"Study1","P295","R10","Linguistic_Realization",4
"Study1","P295","R10","Task_Fulfillment",4
"Study1","P296","R05","Global_Impression",2
"Study1","P296","R05","Linguistic_Realization",2
"Study1","P296","R05","Task_Fulfillment",2
"Study1","P296","R17","Global_Impression",4
"Study1","P296","R17","Linguistic_Realization",1
"Study1","P296","R17","Task_Fulfillment",1
"Study1","P297","R13","Global_Impression",1
"Study1","P297","R13","Linguistic_Realization",1
"Study1","P297","R13","Task_Fulfillment",2
"Study1","P297","R18","Global_Impression",4
"Study1","P297","R18","Linguistic_Realization",3
"Study1","P297","R18","Task_Fulfillment",2
"Study1","P298","R10","Global_Impression",3
"Study1","P298","R10","Linguistic_Realization",1
"Study1","P298","R10","Task_Fulfillment",1
"Study1","P298","R12","Global_Impression",2
"Study1","P298","R12","Linguistic_Realization",1
"Study1","P298","R12","Task_Fulfillment",2
"Study1","P299","R13","Global_Impression",3
"Study1","P299","R13","Linguistic_Realization",3
"Study1","P299","R13","Task_Fulfillment",3
"Study1","P299","R17","Global_Impression",4
"Study1","P299","R17","Linguistic_Realization",2
"Study1","P299","R17","Task_Fulfillment",4
"Study1","P300","R01","Global_Impression",4
"Study1","P300","R01","Linguistic_Realization",3
"Study1","P300","R01","Task_Fulfillment",2
"Study1","P300","R04","Global_Impression",4
"Study1","P300","R04","Linguistic_Realization",4
"Study1","P300","R04","Task_Fulfillment",4
"Study1","P301","R03","Global_Impression",2
"Study1","P301","R03","Linguistic_Realization",4
"Study1","P301","R03","Task_Fulfillment",3
"Study1","P301","R09","Global_Impression",3
"Study1","P301","R09","Linguistic_Realization",3
"Study1","P301","R09","Task_Fulfillment",2
"Study1","P302","R04","Global_Impression",4
"Study1","P302","R04","Linguistic_Realization",3
"Study1","P302","R04","Task_Fulfillment",4
"Study1","P302","R09","Global_Impression",4
"Study1","P302","R09","Linguistic_Realization",2
"Study1","P302","R09","Task_Fulfillment",3
"Study1","P303","R06","Global_Impression",3
"Study1","P303","R06","Linguistic_Realization",1
"Study1","P303","R06","Task_Fulfillment",1
"Study1","P303","R11","Global_Impression",3
"Study1","P303","R11","Linguistic_Realization",2
"Study1","P303","R11","Task_Fulfillment",1
"Study1","P304","R03","Global_Impression",4
"Study1","P304","R03","Linguistic_Realization",2
"Study1","P304","R03","Task_Fulfillment",4
"Study1","P304","R10","Global_Impression",4
"Study1","P304","R10","Linguistic_Realization",4
"Study1","P304","R10","Task_Fulfillment",3
"Study1","P305","R05","Global_Impression",4
"Study1","P305","R05","Linguistic_Realization",3
"Study1","P305","R05","Task_Fulfillment",2
"Study1","P305","R12","Global_Impression",2
"Study1","P305","R12","Linguistic_Realization",1
"Study1","P305","R12","Task_Fulfillment",3
"Study1","P306","R05","Global_Impression",4
"Study1","P306","R05","Linguistic_Realization",3
"Study1","P306","R05","Task_Fulfillment",1
"Study1","P306","R10","Global_Impression",4
"Study1","P306","R10","Linguistic_Realization",2
"Study1","P306","R10","Task_Fulfillment",4
"Study1","P307","R10","Global_Impression",3
"Study1","P307","R10","Linguistic_Realization",2
"Study1","P307","R10","Task_Fulfillment",1
"Study1","P307","R15","Global_Impression",4
"Study1","P307","R15","Linguistic_Realization",2
"Study1","P307","R15","Task_Fulfillment",2
